post_link,
https://www.instagram.com/p/Cgl_9LYIZj_/?hl=es,
https://www.instagram.com/p/CgolrR1IzHr/?hl=es,
https://www.instagram.com/explore/tags/resortsmagazine/?hl=es,
https://www.instagram.com/tv/CgmIepDFg1H/?utm_source=ig_web_copy_link,
https://www.instagram.com/tv/CgUZ3ewI2oh/?utm_source=ig_web_copy_link,
https://www.instagram.com/reel/CfblgnjqE4B/?utm_source=ig_web_copy_link,
https://www.instagram.com/reel/CgRnjV-jVLo/?hl=es,
https://www.instagram.com/reel/CfuKnQEjM87/?utm_source=ig_web_copy_link,
https://www.instagram.com/reel/CgkbplLj8Xi/?utm_source=ig_web_copy_link,
